,epoch,test_accuracy,test_loss,test_robust_accuracy,test_robust_clean_accuracy,train_accuracy,train_loss,train_robust_accuracy,train_robust_clean_accuracy
0,4.0,0.892478488014751,0.8323984491949662,0.5625,0.89453125,0.907556073250958,0.780826700971847,0.69921875,0.90625
1,8.0,0.9007375537799631,0.831482470511804,0.58984375,0.904296875,0.9085537767129724,0.7799696368042994,0.68359375,0.927734375
2,12.0,0.9087661339889367,0.750834541813171,0.611328125,0.9140625,0.9143662680264996,0.718880180984449,0.7265625,0.935546875
3,16.0,0.895359557467732,0.7446661669561742,0.611328125,0.88671875,0.9082526456514689,0.6999906074633345,0.685546875,0.900390625
4,20.0,0.9146435156730178,0.7470026690313695,0.591796875,0.91015625,0.9132874908171572,0.7227651693433149,0.716796875,0.908203125
5,24.0,0.9078057775046097,0.7376485084857249,0.599609375,0.9140625,0.9142934671105316,0.6986565701589775,0.69921875,0.912109375
6,28.0,0.9081130915795943,0.7505815221110076,0.615234375,0.91015625,0.9126719921639741,0.7081100764908573,0.72265625,0.919921875
